Criteria,Classifier,n,Freq. Threshold,TP,FP,TN,FN,Recall,Precision,F-Measure
task_success,cosine,1,1,63.0,38.0,35.0,60.0,0.512195121951,0.623762376238,0.5625
task_success,cosine,2,1,49.0,20.0,53.0,74.0,0.39837398374,0.710144927536,0.510416666667
task_success,cosine,3,1,10.0,5.0,68.0,113.0,0.0813008130081,0.666666666667,0.144927536232
task_success,cosine,4,1,3.0,2.0,71.0,120.0,0.0243902439024,0.6,0.046875
task_success,cosine,5,1,0.0,0.0,73.0,123.0,0,0,0.0
task_success,cosine,6,1,0.0,0.0,73.0,123.0,0,0,0.0
task_success,cosine,7,1,0.0,0.0,73.0,123.0,0,0,0.0
task_success,cosine,8,1,0.0,0.0,73.0,123.0,0,0,0.0
