Criteria;Classifier;n;l;Freq. Threshold;TP;FP;TN;FN;Recall;Precision;F-Measure
task_successful;cosine;3;0.05;2;19.0;13.0;60.0;104.0;0.154471544715;0.59375;0.245161290323
task_failed;cosine;3;0.05;2;60.0;104.0;19.0;13.0;0.821917808219;0.365853658537;0.506329113924
word_accuracy_100;cosine;3;0.05;2;13.0;80.0;19.0;4.0;0.764705882353;0.139784946237;0.236363636364
word_accuracy_60;cosine;3;0.05;2;19.0;4.0;13.0;80.0;0.191919191919;0.826086956522;0.311475409836
