Criteria;Classifier;n;l;Freq. Threshold;TP;FP;TN;FN;Recall;Precision;F-Measure
task_successful;cosine;3;0.05;1;40.0;17.0;56.0;83.0;0.325203252033;0.701754385965;0.444444444444
task_successful;rank order;3;0.05;1;0.0;0.0;73.0;123.0;0;0;0
task_failed;cosine;3;0.05;1;56.0;83.0;40.0;17.0;0.767123287671;0.402877697842;0.528301886792
task_failed;rank order;3;0.05;1;73.0;123.0;0.0;0.0;1.0;0.372448979592;0.542750929368
