Criteria;Classifier;n;l;Freq. Threshold;TP;FP;TN;FN;Recall;Precision;F-Measure
task_successful;cosine;3;0.05;1;123.0;73.0;0.0;0.0;1.0;0.627551020408;0.771159874608
task_successful;rank order;3;0.05;1;123.0;73.0;0.0;0.0;1.0;0.627551020408;0.771159874608
task_failed;cosine;3;0.05;1;73.0;123.0;0.0;0.0;1.0;0.372448979592;0.542750929368
task_failed;rank order;3;0.05;1;73.0;123.0;0.0;0.0;1.0;0.372448979592;0.542750929368
