Criteria;Classifier;n;l;Freq. Threshold;TP;FP;TN;FN;Recall;Precision;F-Measure
task_failed;rank order;1;0.05;2;73.0;123.0;0.0;0.0;1.0;0.372448979592;0.542750929368
task_failed;rank order;2;0.05;2;73.0;123.0;0.0;0.0;1.0;0.372448979592;0.542750929368
task_failed;rank order;3;0.05;2;73.0;123.0;0.0;0.0;1.0;0.372448979592;0.542750929368
task_failed;rank order;4;0.05;2;73.0;123.0;0.0;0.0;1.0;0.372448979592;0.542750929368
task_failed;rank order;5;0.05;2;73.0;123.0;0.0;0.0;1.0;0.372448979592;0.542750929368
task_failed;rank order;6;0.05;2;73.0;123.0;0.0;0.0;1.0;0.372448979592;0.542750929368
task_failed;rank order;7;0.05;2;73.0;123.0;0.0;0.0;1.0;0.372448979592;0.542750929368
task_failed;rank order;8;0.05;2;73.0;123.0;0.0;0.0;1.0;0.372448979592;0.542750929368
